euro_kaina,euro_gramai,euro_tipas,euro_kiekis,PAVADIN,gintarine_kaina,gintar_gramai,gintar_tipas,gintar_kiekis,metu_kaina,metu_gramai,metu_tipas,metu_kiekis
5.08, 500 mg + 8 mg + 30 mg, tirpinamosios tabletės, N12,SOLPADEINE,5.37, , tabletės, N12,5.23, 500 mg/8 mg/30 mg, tabletės, N12
5.08, 500 mg + 8 mg + 30 mg, tirpinamosios tabletės, N12,SOLPADEINE,5.37, , tabletės, N12,5.7, 500 mg/8 mg/30 mg, tirpinamosios tabletės, N12
5.08, 500 mg + 8 mg + 30 mg, tirpinamosios tabletės, N12,SOLPADEINE,5.37, , tabletės, N12,5.23, 500 mg/8 mg/30 mg, tabletės, N12
5.08, 500 mg + 8 mg + 30 mg, tirpinamosios tabletės, N12,SOLPADEINE,5.37, , tabletės, N12,5.7, 500 mg/8 mg/30 mg, tirpinamosios tabletės, N12
5.08, 500 mg + 8 mg + 30 mg, tirpinamosios tabletės, N12,SOLPADEINE,5.37, , tabletės, N12,5.23, 500 mg/8 mg/30 mg, tabletės, N12
5.08, 500 mg + 8 mg + 30 mg, tirpinamosios tabletės, N12,SOLPADEINE,5.37, , tabletės, N12,4.67, Express 500 mg/65 mg, šnypščiosios tabletės, N16
5.08, 500 mg + 8 mg + 30 mg, tirpinamosios tabletės, N12,SOLPADEINE,5.37, , tabletės, N12,5.7, 500 mg/8 mg/30 mg, tirpinamosios tabletės, N12
5.08, 500 mg + 8 mg + 30 mg, tirpinamosios tabletės, N12,SOLPADEINE,5.37, , tabletės, N12,5.23, 500 mg/8 mg/30 mg, tabletės, N12
5.08, 500 mg + 8 mg + 30 mg, tirpinamosios tabletės, N12,SOLPADEINE,5.37, , tabletės, N12,5.23, 500 mg/8 mg/30 mg, tabletės, N12
5.08, 500 mg + 8 mg + 30 mg, tirpinamosios tabletės, N12,SOLPADEINE,5.37, , tabletės, N12,5.7, 500 mg/8 mg/30 mg, tirpinamosios tabletės, N12
5.08, 500 mg + 8 mg + 30 mg, tirpinamosios tabletės, N12,SOLPADEINE,5.70, , tirpinamosios tabletės, N12,5.23, 500 mg/8 mg/30 mg, tabletės, N12
5.08, 500 mg + 8 mg + 30 mg, tirpinamosios tabletės, N12,SOLPADEINE,5.70, , tirpinamosios tabletės, N12,5.7, 500 mg/8 mg/30 mg, tirpinamosios tabletės, N12
5.08, 500 mg + 8 mg + 30 mg, tirpinamosios tabletės, N12,SOLPADEINE,5.70, , tirpinamosios tabletės, N12,5.23, 500 mg/8 mg/30 mg, tabletės, N12
5.08, 500 mg + 8 mg + 30 mg, tirpinamosios tabletės, N12,SOLPADEINE,5.70, , tirpinamosios tabletės, N12,5.7, 500 mg/8 mg/30 mg, tirpinamosios tabletės, N12
5.08, 500 mg + 8 mg + 30 mg, tirpinamosios tabletės, N12,SOLPADEINE,5.70, , tirpinamosios tabletės, N12,5.23, 500 mg/8 mg/30 mg, tabletės, N12
5.08, 500 mg + 8 mg + 30 mg, tirpinamosios tabletės, N12,SOLPADEINE,5.70, , tirpinamosios tabletės, N12,4.67, Express 500 mg/65 mg, šnypščiosios tabletės, N16
5.08, 500 mg + 8 mg + 30 mg, tirpinamosios tabletės, N12,SOLPADEINE,5.70, , tirpinamosios tabletės, N12,5.7, 500 mg/8 mg/30 mg, tirpinamosios tabletės, N12
5.08, 500 mg + 8 mg + 30 mg, tirpinamosios tabletės, N12,SOLPADEINE,5.70, , tirpinamosios tabletės, N12,5.23, 500 mg/8 mg/30 mg, tabletės, N12
5.08, 500 mg + 8 mg + 30 mg, tirpinamosios tabletės, N12,SOLPADEINE,5.70, , tirpinamosios tabletės, N12,5.23, 500 mg/8 mg/30 mg, tabletės, N12
5.08, 500 mg + 8 mg + 30 mg, tirpinamosios tabletės, N12,SOLPADEINE,5.70, , tirpinamosios tabletės, N12,5.7, 500 mg/8 mg/30 mg, tirpinamosios tabletės, N12
4.76, , Tabletės, N12,SOLPADEINE,5.37, , tabletės, N12,5.23, 500 mg/8 mg/30 mg, tabletės, N12
4.76, , Tabletės, N12,SOLPADEINE,5.37, , tabletės, N12,5.7, 500 mg/8 mg/30 mg, tirpinamosios tabletės, N12
4.76, , Tabletės, N12,SOLPADEINE,5.37, , tabletės, N12,5.23, 500 mg/8 mg/30 mg, tabletės, N12
4.76, , Tabletės, N12,SOLPADEINE,5.37, , tabletės, N12,5.7, 500 mg/8 mg/30 mg, tirpinamosios tabletės, N12
4.76, , Tabletės, N12,SOLPADEINE,5.37, , tabletės, N12,5.23, 500 mg/8 mg/30 mg, tabletės, N12
4.76, , Tabletės, N12,SOLPADEINE,5.37, , tabletės, N12,4.67, Express 500 mg/65 mg, šnypščiosios tabletės, N16
4.76, , Tabletės, N12,SOLPADEINE,5.37, , tabletės, N12,5.7, 500 mg/8 mg/30 mg, tirpinamosios tabletės, N12
4.76, , Tabletės, N12,SOLPADEINE,5.37, , tabletės, N12,5.23, 500 mg/8 mg/30 mg, tabletės, N12
4.76, , Tabletės, N12,SOLPADEINE,5.37, , tabletės, N12,5.23, 500 mg/8 mg/30 mg, tabletės, N12
4.76, , Tabletės, N12,SOLPADEINE,5.37, , tabletės, N12,5.7, 500 mg/8 mg/30 mg, tirpinamosios tabletės, N12
4.76, , Tabletės, N12,SOLPADEINE,5.70, , tirpinamosios tabletės, N12,5.23, 500 mg/8 mg/30 mg, tabletės, N12
4.76, , Tabletės, N12,SOLPADEINE,5.70, , tirpinamosios tabletės, N12,5.7, 500 mg/8 mg/30 mg, tirpinamosios tabletės, N12
4.76, , Tabletės, N12,SOLPADEINE,5.70, , tirpinamosios tabletės, N12,5.23, 500 mg/8 mg/30 mg, tabletės, N12
4.76, , Tabletės, N12,SOLPADEINE,5.70, , tirpinamosios tabletės, N12,5.7, 500 mg/8 mg/30 mg, tirpinamosios tabletės, N12
4.76, , Tabletės, N12,SOLPADEINE,5.70, , tirpinamosios tabletės, N12,5.23, 500 mg/8 mg/30 mg, tabletės, N12
4.76, , Tabletės, N12,SOLPADEINE,5.70, , tirpinamosios tabletės, N12,4.67, Express 500 mg/65 mg, šnypščiosios tabletės, N16
4.76, , Tabletės, N12,SOLPADEINE,5.70, , tirpinamosios tabletės, N12,5.7, 500 mg/8 mg/30 mg, tirpinamosios tabletės, N12
4.76, , Tabletės, N12,SOLPADEINE,5.70, , tirpinamosios tabletės, N12,5.23, 500 mg/8 mg/30 mg, tabletės, N12
4.76, , Tabletės, N12,SOLPADEINE,5.70, , tirpinamosios tabletės, N12,5.23, 500 mg/8 mg/30 mg, tabletės, N12
4.76, , Tabletės, N12,SOLPADEINE,5.70, , tirpinamosios tabletės, N12,5.7, 500 mg/8 mg/30 mg, tirpinamosios tabletės, N12
2.15, , Tabletės, N10,SARIDON,2.30, , tabletės, N10,2.3, 250 mg/150 mg/50 mg, tabletės, N10
2.15, , Tabletės, N10,SARIDON,2.30, , tabletės, N10,2.3, 250 mg/150 mg/50 mg, tabletės, N10
2.15, , Tabletės, N10,SARIDON,2.30, , tabletės, N10,2.3, 250 mg/150 mg/50 mg, tabletės, N10
2.15, , Tabletės, N10,SARIDON,2.30, , tabletės, N10,2.3, 250 mg/150 mg/50 mg, tabletės, N10
